{
    "Region": [
        "Commune"
    ],
    "ANALAMANGA": [
        "Ambato",
        "Ambatolampy",
        "Antehiroka",
        "Ambohidratrimo",
        "Ambohimanjaka",
        "Ambohipihaonana",
        "Ambohitrimanjaka",
        "Ampangabe",
        "Ampanotokana",
        "Anjanadoria",
        "Anosiala",
        "Antanetibe",
        "Antsahafilo",
        "Avaratsena",
        "Fiadanana",
        "Iarinarivo",
        "Ivato",
        "Mahabo",
        "Mahereza",
        "Mahitsy",
        "Mananjara",
        "Manjakavaradrano",
        "Merimandroso",
        "Talatamaty",
        "Alarobia Vatosola",
        "Alatsinainy Bakaro",
        "Ambohimiadana",
        "Andohariana",
        "Andramasina",
        "Anjoma Faliarivo",
        "Anosibe Trimoloharano",
        "Antotohazo",
        "Fitsinjovana Bakaro",
        "Mandrosoa",
        "Morarano Soa Firaisana",
        "Sabotsy Ambohitromby",
        "Sabotsy Manjakavahoaka",
        "Tankafatra",
        "Alakamisy",
        "Ambatomanoina",
        "Amboasary Nord",
        "Ambohibary Vohilena",
        "Ambohimarina Marovazaha",
        "Ambohimirary",
        "Ambongamarina",
        "Amparatanjona",
        "Analaroa",
        "Andranomisa",
        "Androvakely",
        "Anjozorobe",
        "Belanitra",
        "Beronono",
        "Betatao",
        "Mangamila",
        "Marotsipoy",
        "Tsarasaotra Andona",
        "Ambohitromby",
        "Ambolotarakely",
        "Andranomiely",
        "Ankazobe",
        "Antakavana",
        "Fihaonana",
        "Kiangara",
        "Mahavelona",
        "Mangasoavina",
        "Marondry",
        "Miantso",
        "Talata-Angavo",
        "Tsaramasoandro",
        "Alakamisy Fenoarivo",
        "Alatsinainy Ambazaha",
        "Ambalavao",
        "Ambatofahavalo",
        "Ambavahaditokana",
        "Ambohidrapeto",
        "Ambohijanaka",
        "Ampahitrosy",
        "Ampanefy",
        "Ampitatafika",
        "Andoharanofotsy",
        "Andranonahoatra",
        "Androhibe",
        "Ankadimanga",
        "Ankaraobato",
        "Anosizato Andrefana",
        "Antanetikely",
        "Bemasoandro",
        "Bongatsara",
        "Fenoarivo",
        "Fiombonana",
        "Itaosy",
        "Soalandy",
        "Soavina",
        "Tanjombato",
        "Tsiafahy",
        "Alasora",
        "Ambohimalaza Miray",
        "Ambohimanambola",
        "Ambohimanga Rova",
        "Ambohimangakely",
        "Ambohidrabiby",
        "Anjeva Gara",
        "Ankadikely Ilafy",
        "Ankadinandriana",
        "Anosy Avaratra",
        "Fieferana",
        "Manandriana",
        "Masindray",
        "Sabotsy Namehana",
        "Talata Volonondry",
        "Vilihazo",
        "Alarobia",
        "Ambanitsena",
        "Ambatolaona",
        "Ambatomanga",
        "Ambatomena",
        "Ambohibao Sud",
        "Ambohibary",
        "Ambohitrandriamanitra",
        "Ambohitrolomahitsy",
        "Ambohitrony",
        "Ambohitseheno",
        "Ampaneva",
        "Anjepy",
        "Anjoma Betoho",
        "Ankazodandy",
        "Antsahalalina",
        "Manjakandriana",
        "Mantasoa",
        "Merikanjaka",
        "Miadanandriana",
        "Nandihizana Carion",
        "Ranovao",
        "Sadabe",
        "Sambaina",
        "Soavinandriana (Ambohidratrimoanala)",
        "Commune Urbaine d'Antananarivo"
    ],
    "BONGOLAVA": [
        "AMBATOMAINTY SUD",
        "AMBOHITROMBY",
        "FENOARIVOBE",
        "FIRAVAHANA",
        "KIRANOMENA",
        "MAHAJEBY",
        "MORARANO MARITAMPONA",
        "TSINJOARIVO 22",
        "MANGATANY",
        "ANDRIAMPOTSY",
        "AMBALANIRANA",
        "AMBARARATABE",
        "AMBATOLAMPY",
        "ANKADINONDRY SAKAY",
        "ANKERANA NORD",
        "ANOSY",
        "BELOBAKA",
        "BEMAHATAZANA",
        "BEVATO",
        "FIERENANA",
        "MAHASOLO",
        "MAROHARONA",
        "MARITAMPONA",
        "MIANDRARIVO",
        "SOANIERANA",
        "TSINJOARIVO-IMANGA",
        "TSIROANOMANDIDY FIHAONANA",
        "TSIROANOMANDIDY VILLE",
        "ANTSAHALAVA",
        "FIADANANTSOA"
    ],
    "ITASY": [
        "ALAKAMISIKELY",
        "AMBATOMANGA",
        "AMBATOMIRAHAVAVY",
        "AMBOANANA",
        "AMBOHIMANDRY",
        "AMBOHIMASINA",
        "AMBOHIPANDRANO",
        "AMBOHITRAMBO",
        "AMPAHIMANGA",
        "ANDRANOMIELY",
        "ANTAMBOLO",
        "ANTENIMBE",
        "ARIVONIMAMO",
        "ARIVONIMAMO II",
        "IMERINTSIATOSIKA",
        "MAHATSINJO EST",
        "MANALALONDO",
        "MAROFANGADY",
        "MIANDRANDRA",
        "MIANTSOARIVO",
        "MORAFENO",
        "MORARANO",
        "TALATA TSIMADILO",
        "ALATSINAINIKELY",
        "AMBATOMANJAKA",
        "ANALAVORY",
        "ANDOLOFOTSY",
        "ANOSIBE-IFANJA",
        "ANTOBY EST",
        "MANAZARY",
        "MANDIAVATO",
        "MIARINARIVO",
        "MIARINARIVO II",
        "SAROBARATRA",
        "SOAMAHAMANINA",
        "SOAVIMBAZAHA",
        "ZOMA BEALOKA",
        "AMBATOASANA CENTRE",
        "AMBEROMANGA",
        "AMPARAKY",
        "AMPARIBOHITRA",
        "AMPARY",
        "AMPEFY",
        "ANKARANANA",
        "ANKISABE",
        "ANTANETIBE",
        "DONDONA",
        "MAHAVELONA",
        "MANANASY",
        "MASINDRAY",
        "SOAVINANDRIANA",
        "TAMPONALA",
        "AMBOHIDANERANA"
    ],
    "VAKINANKARATRA": [
        "AMBATOLAMPY",
        "AMBATONDRAKALAVAO",
        "AMBODIFARIHY",
        "AMBOHIMPIHAONANA",
        "ANDRANOVELONA",
        "ANDRAVOLA VOHIPENO",
        "ANDRIAMBILANY",
        "ANTAKASINA",
        "ANTANAMALAZA",
        "ANTANIMASAKA",
        "ANTSAMPANDRANO",
        "BEHENJY",
        "BELAMBO FIRAISANA",
        "MANJAKATOMPO",
        "MORARANO",
        "SABOTSY NAMATOANA",
        "TSIAFAJAVONA ANKARATRA",
        "TSINJOARIVO",
        "ANDRIANTSIVALANA",
        "AMBATOLAHY",
        "AMBATOMIADY",
        "AMBATOTSIPIHANA",
        "AMBODIRIANA",
        "AMBOHIMANDROSO",
        "AMBOHITOMPOINA",
        "AMPITATAFIKA",
        "ANDRANOFITO",
        "ANTANIFOTSY",
        "ANTSAHALAVA",
        "BELANITRA",
        "ANJAMANGA",
        "SOAMANANDRARINY",
        "ANTSIRABE",
        "ALAKAMISY",
        "ALATSINAINY IBITY",
        "AMBANO",
        "AMBATOMENA",
        "AMBOHIBARY",
        "AMBOHIDRANANDRIANA",
        "AMBOHIMIARIVO",
        "AMBOHITSIMANOVA",
        "ANDRANOMANELATRA",
        "ANTANAMBAO",
        "ANTANIMANDRY",
        "ANTSOANTANY",
        "BELAZAO",
        "MANANDONA",
        "MANDROSOHASINA",
        "MANGARANO",
        "SAHANIVOTRY MANANDONA",
        "SOANINDRARINY",
        "TSARAHONENANA SAHANIVOTRY",
        "VINANINKARENA",
        "ALAKAMISY ANATIVATO",
        "ALAKAMISY MAROSOSONA",
        "ALAROBIA BEMAHA",
        "AMBATONIKOLAHY",
        "AMBOHIMANAMBOLA",
        "AMBOHIMASINA",
        "ANDRANOMAFANA",
        "ANDREMBESOA",
        "MANOHISOA",
        "MANDRITSARA",
        "ANOSIARIVO MANAPA",
        "SOAVINA",
        "ANTOHOBE",
        "ANTSOSO",
        "BETAFO",
        "TRITRIVA",
        "MAHAIZA",
        "INANANTONANA",
        "AMBOHIBORONA",
        "ANDRANOMIADY",
        "ANTSAMPANIMAHAZO",
        "FARATSIHO",
        "MIANDRARIVO",
        "RAMAINANDRO",
        "VALABETOKANA",
        "FARAVOHITRA",
        "VINANINONY SUD",
        "MANDOTO",
        "VASIANA",
        "ANTANAMBAO AMBARY",
        "BETSOHANA",
        "ANKAZOMIRIOTRA",
        "VINANY",
        "ANJOMA RAMARTINA",
        "FIDIRANA",
        "MAROMANDRAY"
    ],
    "DIANA": [
        "AMBALAHONKO",
        "AMBALIHA",
        "AMBANJA",
        "AMBODIMANGA RAMENA",
        "AMBOHIMARINA",
        "AMBOHIMENA",
        "AMBOHITRANDRIANA",
        "ANKATAFA",
        "ANKINGAMELOKA",
        "ANOROTSANGANA",
        "ANTAFIAMBOTRY",
        "ANTRANOKARANY",
        "ANTSAKOAMANONDRO",
        "ANTSATSAKA",
        "ANTSIRABE",
        "BEMANEVIKA HAUT-SAMBIRANO",
        "BEMANEVIKA OUEST",
        "BENAVONY",
        "DJANGOA",
        "MAEVATANANA",
        "MAHERIVARATRA",
        "MAROTOLANA",
        "MAROVATO",
        "ANTSAHABE CENTRE",
        "AMBAKIRANO",
        "AMBARAKARAKA",
        "AMBATOBEN ' ANJAVY",
        "AMBILOBE",
        "AMBODIBONARA",
        "AMPONDRALAVA",
        "ANABORANO IFASY",
        "ANJIABE HAUT",
        "ANTSARAVIBE",
        "ANTSOHIMBONDRONA",
        "BERAMANJA",
        "BETSIAKA",
        "MANAMBATO",
        "MANTALY",
        "TANAMBAO MARIVORAHONA",
        "ANTANABE",
        "SIRAMA",
        "ANTSIRANANA",
        "AMBONDRONA",
        "ANDRAFIABE",
        "ANDRANOFANJAVA",
        "ANDRANOVONDRONINA",
        "ANIVORANO NORD",
        "ANKARONGANA",
        "ANKETRAKABE",
        "ANTANAMITARANA",
        "ANTSAHAMPANO",
        "ANTSALAKA",
        "ANTSOHA",
        "BOBAKILANDY",
        "BOBASAKOA",
        "JOFFRE-VILLE",
        "MAHALINA",
        "MAHAVANONA",
        "MANGAOKA",
        "MOSOROLAVA",
        "RAMENA",
        "SADJOAVATO",
        "SAKARAMY",
        "ANTSAKOABE",
        "AMBOLOBOZOBE",
        "CU NOSY-BE"
    ],
    "SAVA": [
        "AMBALAMANASY II",
        "AMBODIANGEZOKA",
        "AMBODIMANGA I",
        "ANDAPA",
        "ANDRAKATA",
        "ANDRANOMENA",
        "ANJIALAVABE",
        "ANKIAKABE NORD",
        "ANOVIARA",
        "ANTSAHAMENA",
        "BEALAMPONA",
        "BELAOKA LOKOHO",
        "BELAOKA MAROVATO",
        "BETSAKOTSAKO ANDRANOTSARA",
        "DOANY",
        "MAROVATO",
        "MATSOHELY",
        "TANANDAVA",
        "AMBODIDIVAINA",
        "ANDASIBE KOBAHINA",
        "AMBALAVELONA",
        "AMBALABE",
        "AMBINANIFAHO",
        "AMBOHITRALANANA",
        "AMPAHANA",
        "AMPANAVOANA",
        "AMPOHIBE",
        "ANDAMPY",
        "ANTALAHA",
        "ANTANANAMBO",
        "ANTOMBANA",
        "ANTSAHANORO",
        "ANTSAMBALAHY",
        "LANJARIVO",
        "MAROFINARITRA",
        "SARAHANDRANO",
        "VINANIVAO",
        "SAHANTAHA",
        "MANAKAMBAHINY ANKAVIA",
        "AMBATOAFO",
        "AMBOANGIBE",
        "AMBODIAMPANA",
        "AMBODIVOARA",
        "AMBOHIMALAZA",
        "AMBOHIMITSINJO",
        "ANALAMAHO",
        "ANDRAHANJO",
        "ANDRATAMARINA",
        "ANDREMBONA",
        "ANJANGOVERATRA",
        "ANJIALAVA",
        "ANJINJAOMBY",
        "ANTINDRA",
        "ANTSAHAVARIBE",
        "ANTSAMBAHARO",
        "BEMANEVIKA",
        "BEVONOTRA",
        "FARAHALANA",
        "MAROAMBIHY",
        "MAROGAONA",
        "MAROJALA",
        "MORAFENO",
        "NOSIARINA",
        "SAMBAVA",
        "TANAMBAO DAOUD",
        "ANDAPABE",
        "MAHASOA ANTINDRA",
        "AMBALASATRANA",
        "AMBINANIN ' ANDRAVORY",
        "AMBORIALA",
        "AMPANEFENA",
        "AMPISIKINANA",
        "AMPONDRA",
        "ANDRAFAINKONA",
        "ANDRAVORY",
        "AMBODISAMBALAHY",
        "ANTSIRABE NORD",
        "BELAMBO",
        "BOBAKINDRO",
        "DARAINA",
        "FANAMBANA",
        "MAROMOKOTRA LOKY",
        "MILANOA",
        "NOSIBE",
        "TSARABARIA",
        "VOHEMAR"
    ],
    "AMORON'I MANIA": [
        "AMBATOFINANDRAHANA",
        "AMBATOMIFANONGOA",
        "AMBONDROMISOTRA",
        "AMBOROMPOTSY",
        "FENOARIVO",
        "ITREMO",
        "MANDROSONORO",
        "MANGATABOAHANGY",
        "SOAVINA",
        "ALAKAMISY AMBOHIJATO",
        "AMBALAMANAKANA",
        "AMBATOFITORAHANA",
        "AMBINANINDRANO",
        "AMBOHIMITOMBO I",
        "AMBOHIMITOMBO II",
        "AMBOSITRA",
        "AMBOSITRA BANLIEUE",
        "ANDINA",
        "ANKAZOAMBO",
        "ANTOETRA",
        "FAHIZAY",
        "IHADILANANA AMBOHINAMBOA",
        "ILAKA CENTRE",
        "IMERINA IMADY",
        "IVATO CENTRE",
        "IVONY MIARAMIASA",
        "KIANJANDRAKEFINA",
        "MAHAZINA AMBOHIPIERENANA",
        "MAROSOA",
        "SAHATSIHO AMBOHIMANJAKA",
        "TSARASAOTRA",
        "VOHIDAHY",
        "AMBOHIPERIVOANA",
        "ANKAZOTSARARAVINA",
        "ALAKAMISY AMBOHIMAHAZO",
        "ANKARINORO",
        "BETSIMISOTRA",
        "FANDRIANA",
        "FIADANANA",
        "IMITO",
        "MAHAZOARIVO",
        "MIARINAVARATRA",
        "MILAMAINA",
        "SAHAMADIO FISAKANA",
        "SANDRANDAHY",
        "TATAMALAZA",
        "TSARAZAZA",
        "SOANAKAMBANA",
        "ISANDRANDAHY AMBONY",
        "AMBATOMARINA",
        "AMBOHIMAHAZO",
        "AMBOHIMILANJA",
        "AMBOHIPO",
        "AMBOVOMBE CENTRE",
        "ANDAKATANY",
        "ANJOMA NANDIHIZANA",
        "ANJOMAN ' ANKONA",
        "TALATA VOHIMENA",
        "VINANY ANDAKATANIKELY",
        "SOATANANA",
        "ILANJANA"
    ],
    "ATSIMO-ATSINANANA": [
        "ANTANINARENINA",
        "ANTONDABE",
        "BEFOTAKA SUD",
        "BEHARENA",
        "BEKOFAFA SUD",
        "MAROVITSIKA SUD",
        "RANOTSARA SUD",
        "ANTOKOBORITELO",
        "INOSY",
        "AMBALATANY",
        "AMBALAVATO NORD",
        "AMBALAVATO\/ANTEVATO",
        "AMBOHIGOGO",
        "AMBOHIMANDROSO",
        "AMPOROFORO",
        "ANKARANA MIRAIHINA",
        "ANOSIVELO",
        "ANOSY TSARARAFA",
        "ANTSERANAMBE",
        "BEVOAY BERETRA",
        "EFATSY ANANDROZA",
        "ETROTROKA",
        "EVATO",
        "FARAFANGANA",
        "FENOARIVO",
        "IABOHAZO",
        "IHOROMBE",
        "IVANDRIKA",
        "MAHABO MANANIVO",
        "MAHAFASA CENTRE",
        "MAHAVELO",
        "MAHERIRATY",
        "MANAMBOTRA SUD",
        "MAROVANDRIKA",
        "NAMOHORA IABORANO",
        "SAHAMADIO",
        "TANGAINONY",
        "TOVONA",
        "VOHILENGO",
        "VOHIMASY",
        "VOHITROMBY",
        "VOHILAVAN'I MANAMPATRANA",
        "ANDRANOLALINA",
        "ANKAZOVELO",
        "IVONDRO EX-LAVARATY",
        "NOSIFENO",
        "SOAKIBANY",
        "ZARA EX-MALIORANO",
        "BEVAHO",
        "AMBATOLAVA",
        "AMBONGO",
        "AMPARIHY EST",
        "AMPASIMALEMY",
        "AMPATAKA",
        "ANILOBE",
        "BEKARAOKY",
        "BEMA",
        "BEVATA",
        "VOHIPAHO",
        "FENOAMBANY",
        "IARA",
        "ISAHARA",
        "KARIMBARY",
        "LOHAFARY",
        "LOPARY",
        "MANAMBONDRO",
        "MAROKIBO",
        "MASIANAKA",
        "MATANGA",
        "RANOMENA",
        "SANDRAVINANY",
        "SOAMANOVA",
        "TSIANOFANA",
        "TSIATELY",
        "VANGAINDRANO",
        "VATANATO",
        "VOHIMALAZA",
        "VOHITRAMBO",
        "MAHABE",
        "FONILAZA",
        "AMBOHIMANA",
        "ANANDRAVY",
        "ANDAKANA",
        "ANTOKONALA",
        "IAMONTA",
        "IVATO",
        "KARIANGA",
        "MAHATSINJO",
        "MAHAZOARIVO",
        "MANAMBIDALA",
        "MANATO",
        "MOROTEZA",
        "VOHIBOREKA",
        "VOHIMARY",
        "VONDROZO",
        "AMBODIRANO",
        "ANDOHARANO"
    ],
    "HAUTE MATSIATRA": [
        "AMBALAVAO",
        "AMBINANINDOVOKA",
        "AMBINANIROA",
        "AMBOHIMAHAMASINA",
        "AMBOHIMANDROSO",
        "ANDRAINJATO",
        "ANJOMA",
        "ANKARAMENA",
        "BESOA",
        "FENOARIVO",
        "IARINTSENA",
        "KIRANO",
        "MAHAZONY",
        "MANAMISOA",
        "MIARINARIVO",
        "SENDRISOA",
        "VOHITSAOKA",
        "NAMOLY",
        "VOLAMENA",
        "AMBALAKINDRESY",
        "AMBATOSOA",
        "AMBOHIMAHASOA",
        "AMBOHINAMBOARINA",
        "AMPITANA",
        "ANKAFINA TSARAFIDY",
        "ANKERANA",
        "BEFETA",
        "CAMP ROBIN",
        "FIADANANA",
        "ISAKA",
        "IKALALAO",
        "MANANDROY",
        "MORAFENO",
        "SAHATONA",
        "SAHAVE",
        "VOHIPOSA",
        "VOHITRARIVO",
        "CU FIANARANTSOA",
        "AMBALAMIDERA II",
        "AMBONDRONA",
        "ANDOHARANOMAITSO",
        "ANJOMA ITSARA",
        "ANKARINARIVO MANIRISOA",
        "FANJAKANA",
        "IAVINOMBY VOHIBOLA",
        "ISORANA",
        "MAHAZOARIVO",
        "NASANDRATRONY",
        "SOATANANA",
        "ANDREAMALAMA",
        "AMBALAMIDERA AMBOHIMANA",
        "AMBATOMAINTY",
        "FITAMPITO",
        "IKALAMAVONY",
        "MANGIDY",
        "TANAMARINA SAKAY",
        "SOLILA",
        "TANAMARINA BEKISOPA",
        "TSITONDROINA",
        "ALAKAMISY ITENINA",
        "ANDRANOMIDITRA",
        "ANDRANOVORIVATO",
        "MAHADITRA",
        "MAHASOABE",
        "MANEVA",
        "SOAINDRANA",
        "TALATA AMPANO",
        "VINANITELO",
        "VOHIMARINA",
        "VOHITRAFENO",
        "IHAZOARA",
        "ANKAROMALAZA MIFANASOA",
        "VOHIBATO OUEST",
        "LAMOSINA",
        "ANJANOMANONA TSIMIAVAKA",
        "ALAKAMISY AMBOHIMAHA",
        "ALATSINAINY IALAMARINA",
        "AMBALAKELY",
        "AMBALAMAHASOA",
        "ANDRAINJATO CENTRE",
        "ANDRAINJATO EST",
        "ANDROY",
        "FANDRANDAVA",
        "IALANANINDRO",
        "IVOAMBA",
        "MAHATSINJONY",
        "SAHAMBAVY",
        "TAINDAMBO",
        "SAHAFATA",
        "AMPATSY AMPANGABE",
        "VINANINORO ANDREFANA"
    ],
    "IHOROMBE": [
        "BEGOGO",
        "IAKORA",
        "RANOTSARA NORD",
        "ANDRANOMBAO",
        "VOLAMBITA",
        "AMBATOLAHY",
        "AMBIA",
        "ANALALIRY",
        "ANALAVOKA",
        "ANDIOLAVA",
        "ANKILY",
        "ANTSOHA",
        "IHOSY",
        "ILAKAKA-BE",
        "MENAMATY-ILOTO",
        "IRINA",
        "MAHASOA",
        "RANOHIRA",
        "SAHAMBANO",
        "SAKALALINA",
        "SATROKALA",
        "SOAMATASY",
        "TOLOHOMIADY",
        "ZAZAFOTSY",
        "ANDOHAN'ILAKAKA",
        "ANTAMBOHOBE",
        "IVOHIBE",
        "IVONGO",
        "MAROPAIKA",
        "KOTIPA",
        "ANTARAMENA"
    ],
    "FITOVINANY": [
        "AMBATOFOTSY",
        "AMBINANITROMBY",
        "AMBOHIMISAFY",
        "AMBOLOMADINIKA",
        "ANKARIMBELO",
        "ANTODINGA",
        "BELEMOKA",
        "IFANIREA",
        "IKONGO",
        "KALAFOTSY",
        "MANAMPATRANA",
        "MAROMIANDRA",
        "SAHALANONA",
        "TANAKAMBANA",
        "TOLONGOINA",
        "TSIFENOKATAKA",
        "ANDEFAMPONY",
        "AMBAHATRAZO",
        "AMBAHIVE",
        "AMBALAROKA",
        "AMBALAVERO",
        "AMBANDRIKA",
        "AMBILA",
        "AMBOANJO",
        "AMBOHITSARA-M",
        "AMBORONDRA",
        "AMBOTAKA",
        "AMPASIMANJEVA",
        "AMPASIMBORAKA",
        "AMPASIPOTSY SUD",
        "ANALAVORY",
        "ANOROMBATO",
        "ANTEZA",
        "BEKATRA",
        "BETAMPONA",
        "FENOMBY",
        "KIANJANOMBY",
        "LOKOMBY",
        "MAHABAKO",
        "MAHAMAIBE",
        "MANAKARA",
        "MANGATSIOTRA",
        "MAROFARIHY",
        "MAVORANO",
        "MITANTY",
        "MIZILO GARE",
        "NIHAONANA AMBANY",
        "NOSIALA",
        "ONILAHY",
        "SAHANAMBOHITRA",
        "SAHAREFO",
        "SAHASINAKA",
        "SAKOANA",
        "SOROMBO",
        "TATAHO",
        "VATANA",
        "VINANITELO",
        "VOHILAVA SAHASONDRY",
        "VOHIMANITRA",
        "VOHIMASINA NORD",
        "VOHIMASINA SUD",
        "VOHIMASY",
        "AMBOHITROVA",
        "MANJARIVO",
        "NAMORONA",
        "ANDEMAKA",
        "ANKARIMBARY",
        "ANOLOKA",
        "ANTANANABO",
        "IFATSY",
        "ILAKATRA",
        "IVATO",
        "LANIVO",
        "MAHABO",
        "MAHASOABE",
        "MAHAZOARIVO",
        "NATO",
        "ONJATSY",
        "SAHALAVA",
        "SAVANA",
        "VOHILANY",
        "VOHINDAVA",
        "VOHIPENO",
        "VOHITRINDRY",
        "ZAFINDRAFADY",
        "AMBOROBE"
    ],
    "VATOVAVY": [
        "AMBOHIMANGA SUD",
        "AMBOHIMIERA",
        "ANALAMPASINA",
        "ANDRORANGAVOLA",
        "ANTARETRA",
        "ANTSINDRA",
        "FASINTSARA",
        "IFANADIANA",
        "KELILALINA",
        "MAROHARATRA",
        "MAROTOKO",
        "RANOMAFANA",
        "TSARATANANA",
        "AMPASINAMBO",
        "AMBIABE",
        "AMBALAHOSY NORD",
        "AMBODINONOKA",
        "AMBOHIMIARINA II",
        "AMBOHINIHAONANA",
        "AMBOHITSARA EST",
        "ANDONABE",
        "ANDRANAMBOLAVA",
        "ANDRANOMAVO",
        "ANKATAFANA",
        "ANOSIMPARIHY",
        "ANTSENAVOLO",
        "KIANJAVATO",
        "MAHATSARA IEFAKA",
        "MAHATSARA SUD",
        "MAHAVOKY NORD",
        "MAHELA",
        "MANAKANA NORD",
        "MANANJARY",
        "MAROFOTOTRA",
        "MAROKARIMA",
        "MAROSANGY",
        "MORAFENO",
        "SANDROHY",
        "TSARAVARY",
        "TSIATOSIKA",
        "VATOHANDRINA",
        "VOHILAVA",
        "TSARAHAFATRA",
        "MAROFODY",
        "AMBAHY",
        "AMBAKOBE",
        "AMBODIARA",
        "AMBODILAFA",
        "AMBODIRIAN'I SAHAFARY",
        "ANDARA",
        "ANGODONGODONA",
        "ANTANAMBAO",
        "BEFODY",
        "FIADANANA",
        "NOSY VARIKA",
        "SAHAVATO",
        "SOAVINA",
        "VOHIDROA",
        "VOHITRANDRIANA",
        "FANIVELONA"
    ],
    "BETSIBOKA": [
        "AMBALIHA",
        "ANDASIBE",
        "ANTANIMBARIBE",
        "BEHAZOMATY",
        "BETAIMBOAY",
        "KANDREHO",
        "MAHATSINJO SUD",
        "AMBALAJIA",
        "AMBALANJANAKOMBY",
        "ANDRIBA",
        "ANTANIMBARY",
        "ANTSIAFABOSITRA",
        "BEMOKOTRA",
        "BERATSIMANINA",
        "MADIROMIRAFY",
        "MAEVATANANA I",
        "MAEVATANANA II",
        "MAHATSINJO",
        "MAHAZOMA",
        "MANGABE",
        "MARIA",
        "MAROKORO",
        "MORAFENO",
        "TSARARANO",
        "BEANANA",
        "BERIVOTRA 5\/5",
        "AMBAKIRENY",
        "AMPANDRANA",
        "ANDRIAMENA",
        "BEKAPAIKA",
        "BETRANDRAKA",
        "BRIEVILLE",
        "KELILOHA",
        "MANAKANA",
        "SAKOAMADINIKA",
        "SAROBARATRA",
        "TSARAROVA",
        "TSARATANANA",
        "ISINKO"
    ],
    "BOENY": [
        "AMBATOBOENY",
        "AMBONDROMAMY",
        "ANDRANOFASIKA",
        "ANDRANOMAMY",
        "ANJIAJIA",
        "ANKIJABE",
        "ANKIRIHITRA",
        "MADIROVALO",
        "MANERINERINA",
        "SITAMPIKY",
        "TSARAMANDROSO",
        "AMBESISIKA",
        "MAHAJANGA",
        "AMBALABE BEFANJAVA",
        "AMBALAKIDA",
        "ANDRANOBOKA",
        "BEKOBAY CENTRE",
        "BELOBAKA",
        "BETSAKO",
        "BOANAMARY",
        "MAHAJAMBA USINE",
        "MARIARANO",
        "AMBOLOMOTY",
        "ANKARAOBATO",
        "ANKAZOMBORONA",
        "ANOSINALAINOLONA",
        "ANTANAMBAO ANDRANOLAVA",
        "ANTANIMASAKA",
        "BEMAHARIVO",
        "MANARATSANDRY",
        "MAROSAKOA",
        "MAROVOAY",
        "MAROVOAY BANLIEUE",
        "TSARARANO",
        "ANKABOKA",
        "AMBARIMANINGA",
        "ANTONGOMENA BEVARY",
        "ANTSEZA",
        "BEKIPAY",
        "KATSEPY",
        "MATSAKABANJA",
        "MITSINJO",
        "AMBOHIPAKY",
        "ANDRANOMAVO",
        "SOALALA",
        "ANTSAKOAMILEKA"
    ],
    "MELAKY": [
        "AMBATOMAINTY",
        "BEMARIVO",
        "MAROTSIALEHA",
        "SARODRANO",
        "MAKARAINGO",
        "ANTSALOVA",
        "BEKOPAKA",
        "MASOARIVO",
        "SOAHANY",
        "TRANGAHY",
        "BEMARAHA ATSINANANA",
        "AMBOLODIA SUD",
        "AMPAKO",
        "ANKASAKASA TSIBIRAY",
        "BEKODOKA",
        "BESALAMPY",
        "MAHABE",
        "MAROVOAY SUD",
        "SOANENGA",
        "ANTSIRASIRA",
        "ANDABOTOKA",
        "ANDRANOVAO",
        "ANDREA",
        "ANKISATRA",
        "ANTSAIDOHA BEBAO",
        "ANTSONDRODAVA",
        "BEBABOKA SUD",
        "BELITSAKY",
        "BEMOKOTRA SUD",
        "BEREVO RANOBE",
        "BETANATANANA",
        "MAFAIJIJO",
        "MAINTIRANO",
        "MAROHAZO",
        "MAROMAVO",
        "TAMBOHORANO",
        "VEROMANGA",
        "ANDRAMY",
        "BERAVINA",
        "MORAFENOBE",
        "ANTRANOKOAKY"
    ],
    "SOFIA": [
        "AMBALIHA",
        "AMBARIJEBY SUD",
        "AMBOLOBOZO",
        "ANALALAVA",
        "ANDRIBAVONTSINA",
        "ANGOAKA SUD",
        "ANKARAMY",
        "ANTONIBE",
        "BEFOTAKA NORD",
        "MAHADRODROKA",
        "MAROMANDIA",
        "MAROVANTAZA",
        "MAROVATOLENA",
        "BEJOFO",
        "ANDREVOREVO",
        "AMBODIMADIRO",
        "AMBODIMANARY",
        "AMBODIMANDRESY",
        "AMPANDRIANKILANDY",
        "ANAHIDRANO",
        "ANDREBA",
        "ANJALAZALA",
        "ANJIAMANGIRANA",
        "ANKERIKA",
        "ANTSAHABE",
        "ANTSOHIHY",
        "MAROALA",
        "AMBALAFAMINTY",
        "AMBALAROMBA",
        "AMBARARATA SOFIA",
        "AMBARARATABE NORD",
        "AMBATORIHA EST",
        "AMBATOSIA",
        "AMBODIADABO M",
        "AMBODIAMPANA",
        "AMBODISIKIDY",
        "AMBOVONOMBY",
        "ANALILA",
        "ANJOZOROMADOSY",
        "ANKAZOTOKANA",
        "ANTANANIVO HAUT",
        "ANTSAMAKA",
        "BEALALANA",
        "BEANDRAREZONA",
        "MANGINDRANO",
        "MAROTOLANA",
        "AMBOHIMISONDROTRA",
        "ANTSIRADAVA",
        "AMBARARATA",
        "AMBODIMOTSO SUD",
        "AMBOLIDIBE EST",
        "ANKARONGANA",
        "ANTSAKABARY",
        "ANTSAKANALABE",
        "BEFANDRIANA NORD",
        "MAROAMALONA",
        "MATSONDAKANA",
        "MORAFENO",
        "TSARAHONENANA",
        "TSIAMALAO",
        "BELALONA",
        "AMBODIMOTSO-HAUT",
        "AMBODIHAZOAMBO",
        "AMBOHITOAKA",
        "AMPASIMATERA",
        "ANKIRIRIKY",
        "BEKORATSAKA",
        "BETARAMAHAMAY",
        "KOMAJIA",
        "MALAKIALINA",
        "MAMPIKONY",
        "MAMPIKONY II",
        "ANOVILAVA NORD",
        "AMBALAKIRAJY",
        "AMBARIKORANO",
        "AMBARIPAIKA",
        "AMBILOMBE",
        "AMBOABOA",
        "AMBODIADABO",
        "AMBODIAMONTANA KIANGA",
        "AMBOHISOA",
        "AMBORONDOLO",
        "AMPATAKAMARORENY",
        "ANDOHAJANGO",
        "ANDRATAMARINA",
        "ANJIABE",
        "ANKIAKABE FONOKO",
        "ANKIABE SALOHY",
        "ANTANAMBAON'AMBERINA",
        "ANTANANDAVA",
        "ANTSATRAMIDOLA",
        "ANTSIATSIAKA",
        "ANTSIRABE CENTRE",
        "ANTSOHA",
        "KALANDY",
        "MANAMPANEVA",
        "MANDRITSARA",
        "MAROTANDRANO",
        "PONT -  SOFIA",
        "TSARAJOMOKA",
        "TSARATANANA",
        "AMBINANIFANGO",
        "AMBANJABE",
        "AMBODIMAHABIBO",
        "AMBODISAKOANA",
        "AMBODIVONGO",
        "AMPARIHY",
        "ANDRANOMEVA",
        "LEANJA",
        "MAEVARANOHELY",
        "MAROVATO",
        "PORT BERGE II",
        "PORT-BERGE",
        "TSARAHASINA",
        "TSARATANANA I",
        "TSININGIA",
        "TSINJOMITONDRAKA",
        "IHOBAKA",
        "AMBATOMILAHATRANO",
        "ANDRANOMENA I"
    ],
    "ALAOTRA-MANGORO": [
        "AMBANDRIKA",
        "AMBATONDRAZAKA",
        "AMBATONDRAZAKA SUBURBAIN",
        "AMBATOSORATRA",
        "AMBOHITSILAOZANA",
        "AMPARIHINTSOKATRA",
        "AMPITATSIMO",
        "ANDILANATOBY",
        "ANDROMBA",
        "ANTANANDAVA",
        "ANTSANGASANGA",
        "BEJOFO",
        "DIDY",
        "FERAMANGA NORD",
        "ILAFY",
        "IMERIMANDROSO",
        "MANAKAMBAHINY EST",
        "MANAKAMBAHINY OUEST",
        "SOALAZAINA",
        "TANAMBAO BESAKAY",
        "AMBOHIDAVA",
        "AMBOHIBOROMANGA",
        "AMBATOMAINTY",
        "AMBOAVORY",
        "AMBODIMANGA",
        "AMBOHIJANAHARY",
        "AMBOHIMANDROSO",
        "AMBOHITRARIVO",
        "AMPARAFARAVOLA",
        "AMPASIKELY",
        "ANDILANA NORD",
        "ANDREBAKELY SUD",
        "ANDREBAKELY NORD",
        "ANORORO",
        "BEANANA",
        "BEDIDY",
        "MORARANO CHROME",
        "RANOMAINTY",
        "SAHAMAMY",
        "TANAMBE",
        "VOHIMENA",
        "VOHITSARA",
        "ANDRANOBE",
        "AMBODIRANO",
        "ANDILAMENA",
        "ANTANIMENABAKA",
        "BEMAITSO",
        "MAITSOKELY",
        "MAROADABO",
        "MAROVATO",
        "MIARINARIVO",
        "TANANANIFOLOLAHY",
        "AMPONDRABE",
        "AMBALAOMBY",
        "AMBATOHARANANA",
        "AMPANDROANTRAKA",
        "AMPASIMANEVA",
        "ANOSIBE AN'ALA",
        "ANTANDROKOMBY",
        "LONGOZABE",
        "NIAROVANA",
        "TRATRAMARINA",
        "TSARAVINANY",
        "AMBODIMERANA",
        "AMBATOVOLA",
        "AMBOASARY",
        "AMBOHIBARY",
        "AMBOHIDRONONO",
        "AMPASIPOTSY GARE",
        "AMPASIPOTSY MANDIALAZA",
        "ANDAINGO",
        "ANDASIBE",
        "ANOSIBE IFODY",
        "ANTANIDITRA",
        "BEFORONA",
        "BELAVABARY",
        "MANGARIVOTRA (EX  BEPARASY)",
        "FIERENANA",
        "LAKATO",
        "MANDIALAZA",
        "MORAMANGA",
        "MORARANO GARE",
        "SABOTSY ANJIRO",
        "VODIRIANA",
        "BEMBARY",
        "ANALASOA"
    ],
    "ANALANJIROFO": [
        "AMBATOHARANANA",
        "AMBODIMANGA II",
        "AMPASIMBE MANANTSANTRANA",
        "AMPASINA MANINGORY",
        "ANTSIATSIAKA",
        "FENERIVE VILLE",
        "MAHAMBO",
        "MAHANORO",
        "MIORIMIVALANA",
        "SARANAMBANA",
        "VOHILENGO",
        "VOHIPENO",
        "AMBANJAN 'I SAHALAVA",
        "BETAMPONA",
        "AMBODIAMPANA",
        "AMBODIVOANIO",
        "ANDASIBE",
        "ANTANAMBAOBE",
        "ANTANAMBE",
        "ANTANANANIVO",
        "IMORONA",
        "MANAMBOLOSY",
        "MANANARA NORD",
        "SANDRAKATSY",
        "SAROMAONA",
        "TANIBE",
        "VANONO",
        "ANALANAMPOTSY",
        "AMBANIZANA",
        "AMBINANITELO",
        "AMBODIMANGA RANTABE",
        "ANANDRIVOLA",
        "ANDRANOFOTSY",
        "ANDRONDRONA",
        "ANJAHANA",
        "ANJANAZANA",
        "ANKOFA",
        "ANKOFABE",
        "ANTAKOTAKO",
        "ANTSIRABE SAHATANY",
        "MAHALEVONA",
        "MANAMBOLO",
        "MAROANTSETRA",
        "MORAFENO",
        "RANTABE",
        "VOLOINA",
        "MARIARANO",
        "SAHASINDRO",
        "SAINTE MARIE",
        "AMBAHOABE",
        "ANDAPAFITO",
        "ANTANIFOTSY",
        "ANTENINA",
        "FOTSIALANANA",
        "MANOMPANA",
        "SOANIERANA IVONGO",
        "AMBINANISAKANA",
        "AMBODIMANGAVALO",
        "AMBOHIBE",
        "AMPASIMAZAVA",
        "ANJAHAMBE",
        "MAROMITETY",
        "MIARINARIVO",
        "SAHATAVY",
        "VAVATENINA",
        "TANAMARINA"
    ],
    "ATSINANANA": [
        "ATNSYTANAMBAO MANAMPOTSY",
        "ATNSYTANANDEHIBE",
        "MTSAYHELA",
        "MTSAYNAKANA",
        "STASIYVAZA",
        "MTSAYNARATSANDRY",
        "AMBALARONDRA",
        "AMBINANINONY",
        "AMBOHIMANANA",
        "AMPASIMBE",
        "ANDEKALEKA",
        "ANDOVORANTO",
        "ANIVORANO EST",
        "ANJAHAMANA",
        "BRICKAVILLE",
        "FANASANA",
        "FETRAOMBY",
        "LOHARIANDAVA",
        "MAHATSARA",
        "MAROSERANANA",
        "RANOMAFANA EST",
        "RAZANAKA",
        "VOHITRANIVONA",
        "ANTSAMPANANA",
        "AMBINANIDILANA",
        "AMBINANINDRANO",
        "AMBODIBONARA",
        "AMBODIHARINA",
        "ANKAZOTSIFANTATRA",
        "BEFOTAKA",
        "BETSIZARAINA",
        "MAHANORO",
        "MANJAKANDRIANA",
        "MASOMELOKA",
        "TSARAVINANY",
        "ANDRANAMBOMARO",
        "AMBALAPAISO II",
        "AMBATOFISAKA II",
        "AMBOASARY",
        "AMBODINONOKA",
        "AMBODIVOAHANGY",
        "AMBOHIMILANJA",
        "ANDONABE SUD",
        "ANDRORANGAVOLA",
        "ANOSIARIVO",
        "BETAMPONA",
        "LOHAVANANA",
        "MAROLAMBO",
        "SAHAKEVO",
        "TANAMBAO RABEMANANA",
        "MAROMITETY I",
        "CU TOAMASINA",
        "CU TOAMASINA arr. ANJOMA",
        "CU TOAMASINA arr. ANKIRIHIRY",
        "CU TOAMASINA arr. MORARANO",
        "CU TOAMASINA arr. TANAMBAO",
        "AMBODILAZANA",
        "AMBODIRIANA",
        "AMBODITANDROHO",
        "AMPASIMADINIKA",
        "AMPASIMBE ONIBE",
        "AMPISOKINA",
        "AMPOROFORO",
        "ANDONDABE",
        "ANDRANOBOLAHA",
        "ANTENINA",
        "ANTETEZAMBARO",
        "FANANDRANA",
        "FITO",
        "FOULPOINTE",
        "MANGABE",
        "SAHAMBALA",
        "TOAMASINA SUBURBAINE",
        "SATRANDROY",
        "AMBALABE",
        "AMBALAVOLO",
        "AMBODITAVOLO",
        "AMBODIVOANANTO",
        "AMPASIMAZAVA",
        "ANTANAMBAO MAHATSARA",
        "IAMBORANO",
        "IFASINA I",
        "IFASINA II",
        "ILAKA EST",
        "MAINTINANDRY",
        "NIAROVANA CAROLINE",
        "NIHERENANA",
        "SAHAMATEVINA",
        "TANAMBAO VAHATRAKAKA",
        "TSARASAMBO",
        "TSIVANGIANA",
        "VATOMANDRY",
        "IFASINA III",
        "AMBODINONOKA RANGALANA"
    ],
    "ANDROY": [
        "AMBANISARIKA",
        "AMBAZOA",
        "AMBOHIMALAZA",
        "AMBONAIVO",
        "AMBONDRO",
        "AMBOVOMBE ANDROY",
        "AMPAMATA",
        "ANALAMARY",
        "ANDALATANOSY",
        "ANJEKY ANKILIKIRA",
        "ANTANIMORA SUD",
        "ERADA",
        "IMANOMBO",
        "JAFARO",
        "MAROALOMAINTE",
        "MAROALOPOTY",
        "MAROVATO BEFENO",
        "SIHANAMARO",
        "TSIMANANADA",
        "ANDRAGNANIVO",
        "ANDOHARANO",
        "AMBAHITA",
        "AMBATOSOLA",
        "ANIVORANO MITSINJO",
        "ANJA NORD",
        "ANKARANABO NORD",
        "ANTSAKOAMARO",
        "BEKITRO",
        "BELINDO MAHASOA",
        "BERAKETA",
        "BESAKOA",
        "BETEZA",
        "BEVITIKY",
        "MANAKOMPY",
        "MAROVIRO",
        "BEKILY CENTRALE",
        "TANANDAVA",
        "TSIKOLAKY",
        "TSIRANDRANY",
        "VOHIMANGA",
        "MIKAIKARIVO AMBATOMAINTY",
        "BEHABOBO",
        "BELOHA ANDROY",
        "KOPOKY",
        "MAROLINTA",
        "TRANOROA",
        "TRANOVAHO",
        "AMBATOTSIVALA",
        "MAHAENEGNE",
        "ANJAMPALY",
        "ANTARITARIKA",
        "FAUX CAP",
        "IMONGY",
        "MAROVATO",
        "NIKOLY",
        "TSIHOMBE",
        "ANKILIVALO",
        "BEHAZOMANGA"
    ],
    "ANOSY": [
        "AMBOASARY SUD",
        "BEHARA",
        "EBELO",
        "ELONTY",
        "ESIRA",
        "IFOTAKA",
        "MAHALY",
        "MANEVY",
        "MAROMBY",
        "MAROTSIRAKA",
        "RANOBE",
        "SAMPONA",
        "TANANDAVA SUD",
        "TOMBOARIVO",
        "TRANOMARO",
        "TSIVORY",
        "MAHABO",
        "BERANO VILLE",
        "AMBALASOA",
        "AMBATOMIVARY",
        "ANALAMARY",
        "ANDRIANDAMPY",
        "BEAMPOMBO I",
        "BEAMPOMBO II",
        "BEKOROBO",
        "BENATO TOBY",
        "BETROKA",
        "IABOROTRA",
        "IANABINDA",
        "IANAKAFY",
        "ISOANALA",
        "IVAHONA",
        "JANGANY",
        "MAHASOA EST",
        "NANARENA BESAKOA",
        "NANINORA",
        "SAKAMAHILY",
        "TSARAITSO",
        "KELIVAHO",
        "AMBATOABO",
        "AMPASIMENA",
        "AMPASY NAHAMPOANA",
        "ANALAPATSY",
        "ANDRANOBORY",
        "ANKARAMENA",
        "ANKARIERA",
        "BEVOAY",
        "EMAGNOBO",
        "ENAKARA HAUT",
        "ENANILIHA",
        "FENOEVO EFITA",
        "IABOAKOHO",
        "IFARANTSA",
        "ISAKA IVONDRO",
        "MAHATALAKY",
        "MANAMBARO",
        "MANANTENINA",
        "MANDISO",
        "MANDROMODROMOTRA",
        "RANOMAFANA SUD",
        "RANOPISO",
        "SARISAMBO",
        "SOANIERANA",
        "SOAVARY",
        "TOLAGNARO",
        "ANKILIVALO",
        "TANANDAVA MANDRARE"
    ],
    "ATSIMO-ANDREFANA": [
        "AMBOROPOTSY",
        "AMPANIHY CENTRE",
        "ANDROKA",
        "ANKILIABO",
        "ANKILIMIVORY",
        "ANKILIZATO",
        "ANTALY",
        "BEAHITSE",
        "BELAFIKE HAUT",
        "BEROY SUD",
        "EJEDA",
        "FOTADREVO",
        "GOGOGOGO",
        "ITAMPOLO",
        "MANIRY",
        "VOHITANY",
        "AGNAVOHA",
        "ANDROIMPANO",
        "BEARA",
        "ANDRANOMAFANA",
        "ANKAZOABO SUD",
        "BERENTY",
        "FOTIVOLO",
        "ILEMBY",
        "TANDRANO",
        "ANKILIVALOKELY",
        "AMBATOLAHY",
        "ANKERIKY",
        "AMBALAVATO",
        "BENENITRA",
        "EHARA",
        "IANAPERA",
        "BENONOKY",
        "ANKILIMARY",
        "BEHISATSY",
        "BEMAVO",
        "BEROROHA",
        "FANJAKANA",
        "MANDRONARIVO",
        "MARERANO",
        "SAKENA",
        "TANAMARY",
        "TANANDAVA",
        "AMBATRY MITSINJO",
        "ANDRANOMANGATSIAKA",
        "ANKAZOMANGA OUEST",
        "ANKAZOMBALALA",
        "ANKILIVALO",
        "ANTOHABATO",
        "ANTSAVOA",
        "BEANTAKE",
        "BELAMOTY",
        "BESELY",
        "BETIOKY SUD",
        "BEZAHA",
        "FENOANDALA",
        "LAZARIVO",
        "MANALOBE",
        "MAROARIVO ANKAZOMANGA",
        "MAROSAVOA",
        "MASIABOAY",
        "MONTIFENO",
        "SAKAMASAY",
        "SALOBE",
        "SOAMANONGA",
        "SOASERANA",
        "TANAMBAO HAUT",
        "TEMEANTSOA",
        "TONGOBORY",
        "VATOLATSAKA",
        "BEORA",
        "SAVAZY II",
        "VOHIMARY",
        "AMBAHIKILY",
        "ANTANIMIEVA",
        "ANTONGO VAOVAO",
        "BASIBASY",
        "BEFANDEFA",
        "BEFANDRIANA SUD",
        "MOROMBE",
        "TANANDAVA STATION",
        "ANKATSAKANTSA SUD",
        "AMBINANY",
        "AMBORONABO",
        "ANDAMASINY VINETA",
        "ANDRANOLAVA",
        "BERAKETA",
        "MAHABOBOKA",
        "MIARY LAMATIHY",
        "MIARY TAHEZA",
        "MIHAVATSY",
        "MIKOBOKA",
        "MITSINJO",
        "SAKARAHA",
        "TOLIARA I",
        "AMBOHIMAHAVELONA",
        "AMBOLOFOTY",
        "ANAKAO",
        "ANALAMISAMPY",
        "ANDRANOHINALY",
        "ANDRANOVORY",
        "ANKILILOAKA",
        "ANKILIMALINIKA",
        "ANTANIMENA",
        "BEHELOKA",
        "BEHOMPY",
        "BELALANDA",
        "BETSINJAKA",
        "MANOMBO SUD",
        "MANOROFIFY",
        "MAROFOTY",
        "MAROMIANDRA",
        "MIARY",
        "MILENAKA",
        "MITSINJO BETANIMENA",
        "SAINT AUGUSTIN",
        "SOALARA SUD",
        "TSIANISIHA",
        "EFOETSE",
        "SOAHAZO",
        "TSIFOTA"
    ],
    "MENABE": [
        "AMBIKY",
        "ABOALIMENA",
        "ANDIMAKY MANAMBOLO",
        "ANKALALOBE",
        "ANKOROROKY",
        "ANTSOHA",
        "BELINTA",
        "BELO SUR TSIRIBIHINA",
        "BEMARIVO ANKIRONDRO",
        "BEREVO",
        "BEROBOKA",
        "MASOARIVO",
        "TSARAOTANA",
        "TSIMAFANA",
        "DELTA",
        "AMBIA",
        "AMPANIHY",
        "ANALAMITSIVALANA",
        "ANKILIVALO",
        "ANKILIZATO",
        "BEFOTAKA",
        "BERONONO",
        "MAHABO",
        "MALAIMBANDY",
        "MANDABE",
        "TSIMAZAVA",
        "BEZEZIKA",
        "ANDRANOPASY",
        "ANKILIABO",
        "ANONTSIBE CENTRE",
        "BEHARONA",
        "MANJA",
        "SOASERANA",
        "BETSIOKY",
        "AMBATOLAHY",
        "ANKAVANDRA",
        "ANKONDROMENA",
        "ANKOTROFOTSY",
        "ANOSIMENA",
        "BEMAHATAZANA",
        "BETSIPOLITRA",
        "DABOLAVA",
        "ISALO",
        "ITONDY",
        "MANAMBINA",
        "MANANDAZA",
        "MIANDRIVAZO",
        "SOALOKA",
        "ANDRANOMAINTY",
        "ANALAIVA",
        "BEFASY",
        "BELO SUR MER",
        "BEMANONGA",
        "MORONDAVA",
        "MAROFANDILIA"
    ]
}